{
  "typescript": {
    "x": -56.33331298828125,
    "y": -10.666656494140625
  },
  "redux": {
    "x": -51.33331298828125,
    "y": 4
  },
  "react": {
    "x": -23.33331298828125,
    "y": -12
  },
  "express": {
    "x": 9.3333740234375,
    "y": 4
  },
  "graphql": {
    "x": -38,
    "y": -12
  },
  "electron": {
    "x": 10,
    "y": 4
  },
  "nextjs": {
    "x": -25,
    "y": -12
  },
  "gatsby": {
    "x": -31,
    "y": -12
  },
  "jasmine": {
    "x": -51,
    "y": -12
  },
  "enzyme": {
    "x": -10,
    "y": -12
  },
  "angular": {
    "x": -71,
    "y": 4
  },
  "cordova": {
    "x": -68,
    "y": 6
  },
  "sails": {
    "x": -52,
    "y": 5
  },
  "ionic": {
    "x": -52,
    "y": 3
  },
  "meteor": {
    "x": -21.5,
    "y": -12
  },
  "ember": {
    "x": -50.666656494140625,
    "y": 2.66668701171875
  },
  "clojurescript": {
    "x": -75,
    "y": -11
  },
  "elm": {
    "x": -13,
    "y": -11
  },
  "preact": {
    "x": -24,
    "y": -10
  },
  "svelte": {
    "x": 12.5,
    "y": 4.5
  },
  "feathers": {
    "x": -15,
    "y": 18
  },
  "nwjs": {
    "x": -51.33331298828125,
    "y": 3
  },
  "ava": {
    "x": -16.6666259765625,
    "y": -10
  },
  "koa": {
    "x": 8,
    "y": 6
  },
  "nuxt": {
    "x": 11.3333740234375,
    "y": 4
  },
  "expo": {
    "x": -43.33331298828125,
    "y": 4
  },
  "nativeapps": {
    "x": 6,
    "y": 14.5
  },
  "reactnative": {
    "x": 6,
    "y": 27
  },
  "mocha": {
    "x": -24,
    "y": -11
  },
  "jest": {
    "x": 10,
    "y": 4
  },
  "storybook": {
    "x": -25,
    "y": -11
  },
  "vuejs": {
    "x": 10,
    "y": 4
  },
  "cypress": {
    "x": -26,
    "y": -11
  },
  "puppeteer": {
    "x": -63,
    "y": 18
  },
  "apollo": {
    "x": 10,
    "y": 4.333343505859375
  },
  "relay": {
    "x": -8.6666259765625,
    "y": 18
  },
  "reason": {
    "x": -45,
    "y": 19
  },
  "mobx": {
    "x": -8.33331298828125,
    "y": -9.33331298828125
  },
  "purescript": {
    "x": -8,
    "y": -11
  }
}